{"final_train_loss": 1.5650386810302734, "best_val_loss": 1.7066340446472168, "total_train_time": 69.91351795196533, "avg_inference_tokens_per_second": 350.6971917622966}