{"shakespeare_char": {"means": {"final_train_loss_mean": 1.5650386810302734, "best_val_loss_mean": 1.7066340446472168, "total_train_time_mean": 69.91351795196533, "avg_inference_tokens_per_second_mean": 350.6971917622966}, "stderrs": {"final_train_loss_stderr": 0.0, "best_val_loss_stderr": 0.0, "total_train_time_stderr": 0.0, "avg_inference_tokens_per_second_stderr": 0.0}, "final_info_dict": {"final_train_loss": [1.5650386810302734], "best_val_loss": [1.7066340446472168], "total_train_time": [69.91351795196533], "avg_inference_tokens_per_second": [350.6971917622966]}}}