{"final_train_loss": 0.7414969801902771, "best_val_loss": 1.4806677103042603, "total_train_time": 341.74123334884644, "avg_inference_tokens_per_second": 568.6381532861122}