{"shakespeare_char": {"means": {"final_train_loss_mean": 0.7414969801902771, "best_val_loss_mean": 1.4806677103042603, "total_train_time_mean": 341.74123334884644, "avg_inference_tokens_per_second_mean": 568.6381532861122}, "stderrs": {"final_train_loss_stderr": 0.0, "best_val_loss_stderr": 0.0, "total_train_time_stderr": 0.0, "avg_inference_tokens_per_second_stderr": 0.0}, "final_info_dict": {"final_train_loss": [0.7414969801902771], "best_val_loss": [1.4806677103042603], "total_train_time": [341.74123334884644], "avg_inference_tokens_per_second": [568.6381532861122]}}}